Brand Name,Top Foundation,Top Concealer ,Top Blush,Top Contour ,Top Brow Product,Top Mascara
Huda Beauty,Luminous Matte Foundation,Matte Buildable Coverage Waterproof Concealer,Cheeky Tint Cream Blush Stick,"Tantour Contour & Bronzer Cream
",Microshade Brow Pencil,Extra Volumizing and Lifting Mascara
Kulfi Beauty,null,Main Match Crease-Proof Long-Wear Hydrating Concealer,Mehndi Moment Long-Lasting Radiant Cream Blush,null,Free The Brow Volumizing & Laminating Brow Gel,null
Lawless,Conseal The Deal Long-Wear Full-Coverage Foundation,Conseal the Deal Lightweight Concealer,Make Me Blush Talc-Free Velvet Blush,Summer Skin Talc-Free Velvet Matte Bronzer,Hold Up Soft Set Creamy Brow Wax,The One and Done Long-Wear Volumizing Mascara
Pat McGrath Labs,Skin Fetish: Sublime Perfection Foundation,Skin Fetish: Sublime Perfection Concealer,Divine Cream Blush: Legendary Glow Color Balm,null,null,DARK STAR Mascara
One Size,TURN UP THE BASE BLURRING FOUNDATION,TURN UP THE BASE BUTTER SILK CONCEALER, CHEEK CLAPPER 3D BLUSH TRIO PALETTE,null,BROWKIKI MICRO BROW DEFINING PENCIL,FANTASIZE LIFTING & LENGTHENING MASCARA FULL
Simi Haze Beauty,null,null,"SOLAR TINT
","SKIN SUEDE
",null,"EASY LASH
"
Charlotte Tilbury ,AIRBRUSH FLAWLESS FOUNDATION,BEAUTIFUL RADIANT SKIN CONCEALER,BEAUTY LIGHT WAND,HOLLYWOOD CONTOUR WAND,LEGENDARY BROWS,PILLOW TALK PUSH UP LASHES! MASCARA
Milk Makeup,Flex Foundation Stick,"Future Fluid All Over Cream Concealer
","Lip + Cheek
","Matte Bronzer
","KUSH Fiber Brow Gel
","RISE Mascara
"
Hindash,null,null,"Color Fluid - Carve
","Color Fluid - Thorn
",null,null
Shiseido,SYNCHRO SKIN RADIANT LIFTING,null,InnerGlow Cheek Makeup: Blush and Highlighter,null,"Kajal InkArtist - Shadow, Liner, Brow",ImperialLash MascaraInk
Stila,"Stay All Day® Foundation & Concealer
","Pixel Perfect Concealer
","Complete Harmony Lip & Cheek Stick
","Blush & Bronze Hydro-Blur Cheek Duo
","Sketch & Sculpt Brow Pencil
","HUGE™ Extreme Lash Mascara
"
Pixi Beauty,H2O SkinTint,Correction Concentrate,On-the-Glow Blush,On-the-Glow Bronze,Natural Brow Duo,Large Lash Mascara