Brand Name,Top Foundation,Top Concealer ,Top Blush,Top Contour ,Top Brow Product,Top Mascara,Top Foundation Link,Top Concealer Link,Top Blush Link,Top Contour Link,Top Brow Product Link,Top Mascara Link
Huda Beauty,Luminous Matte Foundation,Matte Buildable Coverage Waterproof Concealer,Cheeky Tint Cream Blush Stick,"Tantour Contour & Bronzer Cream
",Microshade Brow Pencil,Extra Volumizing and Lifting Mascara,https://hudabeauty.com/us/en_US/ff-collection/fauxfilter-luminous-matte-foundation-macchiato-400g-HB00497.html,https://hudabeauty.com/us/en_US/ff-collection/faux-filter-concealer-coconut-flakes-2.7-HB00863.html,https://hudabeauty.com/us/en_US/blush/cheeky-tint-blush-stick-proud-pink-HB00645.html,https://hudabeauty.com/us/en_US/contour-and-bronzer/tantour---rich-HB00285.html,https://hudabeauty.com/us/en_US/eyeoff/bombbrows-microshade-brow-pencil-black-brown---7-HB00535.html,https://hudabeauty.com/us/en_US/huda-beauty/hudabeauty-1-coat-wow%21-extra-volumizing-and-lifting-mascara-HB01021.html
Kulfi Beauty,null,Main Match Crease-Proof Long-Wear Hydrating Concealer,Mehndi Moment Long-Lasting Radiant Cream Blush,null,Free The Brow Volumizing & Laminating Brow Gel,null,null,https://kulfibeauty.com/products/main-match-concealer?variant=44486293061883,https://kulfibeauty.com/products/mehndi-moment-blush?variant=44486293061883,null,https://kulfibeauty.com/products/free-the-brow?variant=44732538913019,null
Lawless,Conseal The Deal Long-Wear Full-Coverage Foundation,Conseal the Deal Lightweight Concealer,Make Me Blush Talc-Free Velvet Blush,Summer Skin Talc-Free Velvet Matte Bronzer,Hold Up Soft Set Creamy Brow Wax,The One and Done Long-Wear Volumizing Mascara,https://lawlessbeauty.com/products/conseal-the-deal-foundation,https://lawlessbeauty.com/products/conseal-the-deal-concealer,https://lawlessbeauty.com/collections/blushes/products/make-me-blush-velvet-blush-1,https://lawlessbeauty.com/products/summer-skin-velvet-matte-bronzer-1?variant=33174508863565&currency=USD&utm_medium=product_sync&utm_source=google&utm_content=sag_organic&utm_campaign=sag_organic&gad_source=1&gclid=Cj0KCQjw_qexBhCoARIsAFgBleueqzR8ui_SMDOyY3ADeIPY7OQqx2iXROwq5g9gU_tk0wjRDEw6gewaAmGDEALw_wcB,https://lawlessbeauty.com/collections/brows/products/hold-up-soft-set-creamy-brow-wax,https://lawlessbeauty.com/products/one-and-done-mascara?variant=39682946596941
Pat McGrath Labs,Skin Fetish: Sublime Perfection Foundation,Skin Fetish: Sublime Perfection Concealer,Divine Cream Blush: Legendary Glow Color Balm,null,null,DARK STAR Mascara,https://www.patmcgrath.com/products/foundation?_pos=1&_sid=503b05b47&_ss=r,https://www.patmcgrath.com/products/concealer?_pos=2&_sid=785911076&_ss=r,https://www.patmcgrath.com/products/divine-cream-blush-legendary-glow-color-balm?_pos=1&_sid=f7fd4747c&_ss=r,null,null,https://www.patmcgrath.com/products/dark-star-mascara?_pos=3&_sid=cf3e406be&_ss=r
One Size,TURN UP THE BASE BLURRING FOUNDATION,TURN UP THE BASE BUTTER SILK CONCEALER, CHEEK CLAPPER 3D BLUSH TRIO PALETTE,null,BROWKIKI MICRO BROW DEFINING PENCIL,FANTASIZE LIFTING & LENGTHENING MASCARA FULL,https://www.onesizebeauty.com/products/turn-up-the-base-blurring-foundation?variant=41637971165383,https://www.onesizebeauty.com/products/turn-up-the-base-butter-silk-concealer?variant=40383388188871,https://www.onesizebeauty.com/products/cheek-clapper-3d-blush-trio?variant=43726442823879,null,https://www.onesizebeauty.com/products/browkiki-micro-brow-defining-pencil?variant=39874317713607,https://www.onesizebeauty.com/products/fantasize-lifting-mascara-1?variant=42375195459783
Simi Haze Beauty,null,null,"SOLAR TINT
","SKIN SUEDE
",null,"EASY LASH
",null,null,https://simihazebeauty.com/products/solar-tint-blush-duo?_pos=1&_sid=408d76d45&_ss=r,https://simihazebeauty.com/products/skin-suede-melting-bronze-balm?_pos=1&_sid=d431b3048&_ss=r,null,https://simihazebeauty.com/products/easy-lash-clean-lift-mascara?_pos=1&_sid=e1cdf319a&_ss=r
Charlotte Tilbury ,AIRBRUSH FLAWLESS FOUNDATION,BEAUTIFUL RADIANT SKIN CONCEALER,BEAUTY LIGHT WAND,HOLLYWOOD CONTOUR WAND,LEGENDARY BROWS,PILLOW TALK PUSH UP LASHES! MASCARA,https://www.charlottetilbury.com/us/product/airbrush-flawless-foundation-shade-1-cool,https://www.charlottetilbury.com/us/product/beautiful-skin-radiant-concealer-1-fair,https://www.charlottetilbury.com/us/product/beauty-light-wand-blush-pinkgasm,https://www.charlottetilbury.com/us/product/hollywood-contour-wand-light-medium,https://www.charlottetilbury.com/us/product/legendary-brows-eyebrow-gel-taupe,https://www.charlottetilbury.com/us/product/pillow-talk-push-up-lashes-mascara-dream-pop
Milk Makeup,Flex Foundation Stick,"Future Fluid All Over Cream Concealer
","Lip + Cheek
","Matte Bronzer
","KUSH Fiber Brow Gel
","RISE Mascara
",https://milkmakeup.com/products/flex-foundation-stick?variant=porcelain-very-fair-with-neutral-undertones,https://milkmakeup.com/products/future-fluid-cream-concealer?variant=1w-very-fair-with-warm-undertones,https://milkmakeup.com/products/lip-cheek?variant=dash-light-pink-shimmer,https://milkmakeup.com/products/matte-bronzer?variant=dazed-light-bronze,https://milkmakeup.com/products/kush-fiber-brow-gel?variant=haze-warm-blonde,https://milkmakeup.com/products/rise-mascara?variant=full-size
Hindash,null,null,"Color Fluid - Carve
","Color Fluid - Thorn
",null,null,null,null,https://hindash.com/products/color-fluid-carve?_pos=2&_sid=e1c579fc0&_ss=r,https://hindash.com/products/color-fluid-thorn?_pos=5&_sid=e267f6f30&_ss=r,null,null
Shiseido,SYNCHRO SKIN RADIANT LIFTING,null,InnerGlow Cheek Makeup: Blush and Highlighter,null,"Kajal InkArtist - Shadow, Liner, Brow",ImperialLash MascaraInk,https://www.shiseido.com/us/en/synchro-skin-radiant-lifting-foundation-spf-30-9990000000208.html?cgid=foundation,null,https://www.shiseido.com/us/en/innerglow-cheekpowder-9990000000167.html,null,https://www.shiseido.com/us/en/kajal-inkartist-shadow-liner-brow-9990000000168.html,https://www.shiseido.com/us/en/imperiallash-mascaraink---sumi-black-0730852147706.html
Stila,"Stay All Day® Foundation & Concealer
","Pixel Perfect Concealer
","Complete Harmony Lip & Cheek Stick
","Blush & Bronze Hydro-Blur Cheek Duo
","Sketch & Sculpt Brow Pencil
","HUGE™ Extreme Lash Mascara
",https://www.stilacosmetics.com/products/stay-all-day-reg-foundation-concealer?_pos=1&_sid=402dfce2d&_ss=r,https://www.stilacosmetics.com/products/pixel-perfect-concealer?_pos=2&_psq=conc&_ss=e&_v=1.0,"Complete Harmony Lip & Cheek Stick
",https://www.stilacosmetics.com/products/blush-bronze-hydro-blur-cheek-duo?_pos=4&_sid=af042e579&_ss=r,https://www.stilacosmetics.com/products/sketch-sculpt-brow-pencil?_pos=2&_sid=bd1ba7f19&_ss=r,https://www.stilacosmetics.com/products/huge-trade-extreme-lash-mascara?_pos=1&_sid=b26db6201&_ss=r
Pixi Beauty,H2O SkinTint,Correction Concentrate,On-the-Glow Blush,On-the-Glow Bronze,Natural Brow Duo,Large Lash Mascara,https://www.pixibeauty.com/collections/foundation/products/h20-skin-tint,https://www.pixibeauty.com/collections/concealer/products/correction-concentrate,https://www.pixibeauty.com/collections/best-sellers/products/on-the-glow-blush,https://www.pixibeauty.com/collections/best-sellers/products/on-the-glow-bronze,https://www.pixibeauty.com/collections/brow/products/natural-brow-duo,https://www.pixibeauty.com/collections/best-sellers/products/large-lash-mascara